"track","transition","cov","estimate"
1,"1-2","(Intercept)",-2.11834490929271
1,"1-2","cos(2 * pi * tod/24)",0.377894837657937
1,"1-2","sin(2 * pi * tod/24)",0.294539443577647
1,"2-1","(Intercept)",-2.39173284546618
1,"2-1","cos(2 * pi * tod/24)",-2.2935919630108
1,"2-1","sin(2 * pi * tod/24)",1.07334869507727
2,"1-2","(Intercept)",-2.33900467570629
2,"1-2","cos(2 * pi * tod/24)",0.56640027196174
2,"1-2","sin(2 * pi * tod/24)",0.346047462972089
2,"2-1","(Intercept)",-2.68118428040929
2,"2-1","cos(2 * pi * tod/24)",-2.15564512287786
2,"2-1","sin(2 * pi * tod/24)",1.45227151551792
3,"1-2","(Intercept)",-2.19176191835328
3,"1-2","cos(2 * pi * tod/24)",0.435765641660302
3,"1-2","sin(2 * pi * tod/24)",-0.590095538793516
3,"2-1","(Intercept)",-2.70833087078776
3,"2-1","cos(2 * pi * tod/24)",-2.14501626571823
3,"2-1","sin(2 * pi * tod/24)",1.36198605570925
4,"1-2","(Intercept)",-1.60350143527442
4,"1-2","cos(2 * pi * tod/24)",0.8553726432351
4,"1-2","sin(2 * pi * tod/24)",0.245717971303138
4,"2-1","(Intercept)",-1.70270689495515
4,"2-1","cos(2 * pi * tod/24)",-2.25839136692536
4,"2-1","sin(2 * pi * tod/24)",-0.045710424011947
5,"1-2","(Intercept)",-2.13498522817109
5,"1-2","cos(2 * pi * tod/24)",0.621644091775969
5,"1-2","sin(2 * pi * tod/24)",0.278793673560249
5,"2-1","(Intercept)",-2.41516637814281
5,"2-1","cos(2 * pi * tod/24)",-1.98255060309787
5,"2-1","sin(2 * pi * tod/24)",0.644858943064343
6,"1-2","(Intercept)",-1.86057861175062
6,"1-2","cos(2 * pi * tod/24)",0.689847064946188
6,"1-2","sin(2 * pi * tod/24)",0.228241079657164
6,"2-1","(Intercept)",-2.61865989159011
6,"2-1","cos(2 * pi * tod/24)",-2.92779363612804
6,"2-1","sin(2 * pi * tod/24)",1.67361717520013
7,"1-2","(Intercept)",-1.88890251562472
7,"1-2","cos(2 * pi * tod/24)",0.505561484043435
7,"1-2","sin(2 * pi * tod/24)",0.354295032613465
7,"2-1","(Intercept)",-2.29114926842883
7,"2-1","cos(2 * pi * tod/24)",-2.46883000043465
7,"2-1","sin(2 * pi * tod/24)",1.0459483357895
8,"1-2","(Intercept)",-2.13237050127333
8,"1-2","cos(2 * pi * tod/24)",1.03477369856197
8,"1-2","sin(2 * pi * tod/24)",0.269295502885507
8,"2-1","(Intercept)",-2.74608649829716
8,"2-1","cos(2 * pi * tod/24)",-2.727829336732
8,"2-1","sin(2 * pi * tod/24)",1.87881246012938
9,"1-2","(Intercept)",-2.19302668055256
9,"1-2","cos(2 * pi * tod/24)",0.114784425861339
9,"1-2","sin(2 * pi * tod/24)",0.0479864437197463
9,"2-1","(Intercept)",-2.45970041700527
9,"2-1","cos(2 * pi * tod/24)",-1.89325480891938
9,"2-1","sin(2 * pi * tod/24)",1.09837419889708
10,"1-2","(Intercept)",-1.99379229906534
10,"1-2","cos(2 * pi * tod/24)",0.653263107390755
10,"1-2","sin(2 * pi * tod/24)",0.0119414883378361
10,"2-1","(Intercept)",-2.13346101193886
10,"2-1","cos(2 * pi * tod/24)",-2.31610095589105
10,"2-1","sin(2 * pi * tod/24)",0.466551390091476
11,"1-2","(Intercept)",-2.34942976350903
11,"1-2","cos(2 * pi * tod/24)",0.751010467807835
11,"1-2","sin(2 * pi * tod/24)",-0.251076693100062
11,"2-1","(Intercept)",-2.14213194445751
11,"2-1","cos(2 * pi * tod/24)",-2.48430207696159
11,"2-1","sin(2 * pi * tod/24)",0.667131289454001
12,"1-2","(Intercept)",-1.93021637587848
12,"1-2","cos(2 * pi * tod/24)",0.835013915853059
12,"1-2","sin(2 * pi * tod/24)",0.131277533548548
12,"2-1","(Intercept)",-1.91580233646707
12,"2-1","cos(2 * pi * tod/24)",-1.7162304732901
12,"2-1","sin(2 * pi * tod/24)",0.956064462757805
13,"1-2","(Intercept)",-2.64151506666532
13,"1-2","cos(2 * pi * tod/24)",1.19759268015681
13,"1-2","sin(2 * pi * tod/24)",0.524154183273668
13,"2-1","(Intercept)",-2.4660330781304
13,"2-1","cos(2 * pi * tod/24)",-1.97008423724373
13,"2-1","sin(2 * pi * tod/24)",1.0512679768462
14,"1-2","(Intercept)",-2.11697406192129
14,"1-2","cos(2 * pi * tod/24)",0.788679721576604
14,"1-2","sin(2 * pi * tod/24)",-0.0985595266329417
14,"2-1","(Intercept)",-1.72246394668903
14,"2-1","cos(2 * pi * tod/24)",-1.60835542371726
14,"2-1","sin(2 * pi * tod/24)",0.270176722621094
15,"1-2","(Intercept)",-1.45257630923503
15,"1-2","cos(2 * pi * tod/24)",0.855395576438447
15,"1-2","sin(2 * pi * tod/24)",0.179096690324787
15,"2-1","(Intercept)",-1.60942088947067
15,"2-1","cos(2 * pi * tod/24)",-1.83913588991295
15,"2-1","sin(2 * pi * tod/24)",0.675340017494652
16,"1-2","(Intercept)",-2.09789115825769
16,"1-2","cos(2 * pi * tod/24)",0.23085297550137
16,"1-2","sin(2 * pi * tod/24)",0.138821061596301
16,"2-1","(Intercept)",-2.29904149121265
16,"2-1","cos(2 * pi * tod/24)",-1.23773145813005
16,"2-1","sin(2 * pi * tod/24)",0.833791561604554
17,"1-2","(Intercept)",-2.22081718068437
17,"1-2","cos(2 * pi * tod/24)",-0.125010565637907
17,"1-2","sin(2 * pi * tod/24)",0.168727953900252
17,"2-1","(Intercept)",-2.37641035338277
17,"2-1","cos(2 * pi * tod/24)",-2.57907513139957
17,"2-1","sin(2 * pi * tod/24)",1.41051039918877
18,"1-2","(Intercept)",-2.77650403093244
18,"1-2","cos(2 * pi * tod/24)",1.06031748798326
18,"1-2","sin(2 * pi * tod/24)",0.436572851803397
18,"2-1","(Intercept)",-1.86102429069387
18,"2-1","cos(2 * pi * tod/24)",-2.15567818915739
18,"2-1","sin(2 * pi * tod/24)",0.508170138008057
19,"1-2","(Intercept)",-2.14738367989985
19,"1-2","cos(2 * pi * tod/24)",0.84033904142534
19,"1-2","sin(2 * pi * tod/24)",0.475526353869427
19,"2-1","(Intercept)",-2.10718462555026
19,"2-1","cos(2 * pi * tod/24)",-1.81696252901959
19,"2-1","sin(2 * pi * tod/24)",1.24288968168055
20,"1-2","(Intercept)",-2.23478344600212
20,"1-2","cos(2 * pi * tod/24)",0.962435318017745
20,"1-2","sin(2 * pi * tod/24)",-0.00107729372722994
20,"2-1","(Intercept)",-2.50978700015043
20,"2-1","cos(2 * pi * tod/24)",-2.10678585489949
20,"2-1","sin(2 * pi * tod/24)",0.954076916602914
21,"1-2","(Intercept)",-1.82011994229087
21,"1-2","cos(2 * pi * tod/24)",0.29583625953673
21,"1-2","sin(2 * pi * tod/24)",0.537712988471495
21,"2-1","(Intercept)",-1.87244707541949
21,"2-1","cos(2 * pi * tod/24)",-1.59531322006561
21,"2-1","sin(2 * pi * tod/24)",0.687782591256909
22,"1-2","(Intercept)",-2.1610724957718
22,"1-2","cos(2 * pi * tod/24)",1.35973929421772
22,"1-2","sin(2 * pi * tod/24)",0.110795329457357
22,"2-1","(Intercept)",-1.53177465640754
22,"2-1","cos(2 * pi * tod/24)",-2.32597873030799
22,"2-1","sin(2 * pi * tod/24)",0.591407960182669
23,"1-2","(Intercept)",-2.20161662430279
23,"1-2","cos(2 * pi * tod/24)",0.81040859514279
23,"1-2","sin(2 * pi * tod/24)",0.160203739961886
23,"2-1","(Intercept)",-2.41210407859106
23,"2-1","cos(2 * pi * tod/24)",-2.13458482809459
23,"2-1","sin(2 * pi * tod/24)",1.25157194035448
24,"1-2","(Intercept)",-2.33623792965123
24,"1-2","cos(2 * pi * tod/24)",0.677621818393748
24,"1-2","sin(2 * pi * tod/24)",0.00615651284877369
24,"2-1","(Intercept)",-1.92288104036533
24,"2-1","cos(2 * pi * tod/24)",-2.08564087336719
24,"2-1","sin(2 * pi * tod/24)",0.776582165055367
25,"1-2","(Intercept)",-2.05912670189693
25,"1-2","cos(2 * pi * tod/24)",0.602081778831865
25,"1-2","sin(2 * pi * tod/24)",-0.279570787614062
25,"2-1","(Intercept)",-1.56047275893512
25,"2-1","cos(2 * pi * tod/24)",-2.10466020586662
25,"2-1","sin(2 * pi * tod/24)",0.604153654614141
26,"1-2","(Intercept)",-2.46180497149024
26,"1-2","cos(2 * pi * tod/24)",0.435049765938975
26,"1-2","sin(2 * pi * tod/24)",-0.345951584772082
26,"2-1","(Intercept)",-2.0031075128328
26,"2-1","cos(2 * pi * tod/24)",-2.37040670568369
26,"2-1","sin(2 * pi * tod/24)",0.618060160110389
27,"1-2","(Intercept)",-2.35073112958417
27,"1-2","cos(2 * pi * tod/24)",0.877654775972704
27,"1-2","sin(2 * pi * tod/24)",0.182883857249424
27,"2-1","(Intercept)",-2.21992634732291
27,"2-1","cos(2 * pi * tod/24)",-2.017371103828
27,"2-1","sin(2 * pi * tod/24)",0.932568197105683
28,"1-2","(Intercept)",-2.31499123639293
28,"1-2","cos(2 * pi * tod/24)",0.82542004540292
28,"1-2","sin(2 * pi * tod/24)",0.0246134210068206
28,"2-1","(Intercept)",-2.5331454156027
28,"2-1","cos(2 * pi * tod/24)",-2.51744765263456
28,"2-1","sin(2 * pi * tod/24)",0.933173949491762
29,"1-2","(Intercept)",-2.02684937740532
29,"1-2","cos(2 * pi * tod/24)",1.15362331855206
29,"1-2","sin(2 * pi * tod/24)",0.547906702216587
29,"2-1","(Intercept)",-2.05279986443014
29,"2-1","cos(2 * pi * tod/24)",-2.06873292038779
29,"2-1","sin(2 * pi * tod/24)",0.985037643992958
30,"1-2","(Intercept)",-1.93161825029345
30,"1-2","cos(2 * pi * tod/24)",1.0995593385763
30,"1-2","sin(2 * pi * tod/24)",-0.0286008680489639
30,"2-1","(Intercept)",-2.12089080340646
30,"2-1","cos(2 * pi * tod/24)",-2.04012640222208
30,"2-1","sin(2 * pi * tod/24)",1.08664445443862
31,"1-2","(Intercept)",-2.50955150092168
31,"1-2","cos(2 * pi * tod/24)",1.49960217529045
31,"1-2","sin(2 * pi * tod/24)",-0.224443284718551
31,"2-1","(Intercept)",-2.51272365226771
31,"2-1","cos(2 * pi * tod/24)",-1.51100716133997
31,"2-1","sin(2 * pi * tod/24)",1.13522050491266
32,"1-2","(Intercept)",-1.99986270441186
32,"1-2","cos(2 * pi * tod/24)",0.659856466890517
32,"1-2","sin(2 * pi * tod/24)",0.210412163843228
32,"2-1","(Intercept)",-1.92160636305882
32,"2-1","cos(2 * pi * tod/24)",-1.85003305948397
32,"2-1","sin(2 * pi * tod/24)",0.717191734628316
33,"1-2","(Intercept)",-2.24727325246095
33,"1-2","cos(2 * pi * tod/24)",0.640030239159232
33,"1-2","sin(2 * pi * tod/24)",0.045683553786898
33,"2-1","(Intercept)",-1.7287654469505
33,"2-1","cos(2 * pi * tod/24)",-1.7498150707069
33,"2-1","sin(2 * pi * tod/24)",0.432269209763898
34,"1-2","(Intercept)",-1.80956012370519
34,"1-2","cos(2 * pi * tod/24)",0.544515670081533
34,"1-2","sin(2 * pi * tod/24)",0.693000374477485
34,"2-1","(Intercept)",-1.78056951459265
34,"2-1","cos(2 * pi * tod/24)",-1.53180686225666
34,"2-1","sin(2 * pi * tod/24)",0.449216680382167
35,"1-2","(Intercept)",-2.33704252959957
35,"1-2","cos(2 * pi * tod/24)",1.23988161123468
35,"1-2","sin(2 * pi * tod/24)",-0.0470077388073418
35,"2-1","(Intercept)",-1.88237770414625
35,"2-1","cos(2 * pi * tod/24)",-2.40796762321395
35,"2-1","sin(2 * pi * tod/24)",1.07769654220253
36,"1-2","(Intercept)",-2.05217514928963
36,"1-2","cos(2 * pi * tod/24)",0.782139189007541
36,"1-2","sin(2 * pi * tod/24)",0.283005271186133
36,"2-1","(Intercept)",-2.24708849848692
36,"2-1","cos(2 * pi * tod/24)",-2.38427555760918
36,"2-1","sin(2 * pi * tod/24)",0.960371534981695
37,"1-2","(Intercept)",-2.31209521330078
37,"1-2","cos(2 * pi * tod/24)",0.406145488754945
37,"1-2","sin(2 * pi * tod/24)",0.01047234124389
37,"2-1","(Intercept)",-2.68494593603782
37,"2-1","cos(2 * pi * tod/24)",-2.10686290486056
37,"2-1","sin(2 * pi * tod/24)",0.395369491795062
38,"1-2","(Intercept)",-2.35546322072474
38,"1-2","cos(2 * pi * tod/24)",1.2421004743297
38,"1-2","sin(2 * pi * tod/24)",-0.500502207364699
38,"2-1","(Intercept)",-2.12471474317074
38,"2-1","cos(2 * pi * tod/24)",-2.87333651736162
38,"2-1","sin(2 * pi * tod/24)",0.6062340869226
39,"1-2","(Intercept)",-2.4299210531835
39,"1-2","cos(2 * pi * tod/24)",0.750063127670838
39,"1-2","sin(2 * pi * tod/24)",-0.077552317628387
39,"2-1","(Intercept)",-1.75195576160932
39,"2-1","cos(2 * pi * tod/24)",-2.04538727525598
39,"2-1","sin(2 * pi * tod/24)",0.125017466360854
40,"1-2","(Intercept)",-2.41756093739763
40,"1-2","cos(2 * pi * tod/24)",0.167322302809313
40,"1-2","sin(2 * pi * tod/24)",0.174316329331392
40,"2-1","(Intercept)",-2.04095110613319
40,"2-1","cos(2 * pi * tod/24)",-1.97365185395729
40,"2-1","sin(2 * pi * tod/24)",0.963921481081102
41,"1-2","(Intercept)",-2.22180383100505
41,"1-2","cos(2 * pi * tod/24)",0.576208100580259
41,"1-2","sin(2 * pi * tod/24)",0.257968682389709
41,"2-1","(Intercept)",-2.25384966659152
41,"2-1","cos(2 * pi * tod/24)",-1.81029856653489
41,"2-1","sin(2 * pi * tod/24)",1.51098013759421
42,"1-2","(Intercept)",-2.08782208410295
42,"1-2","cos(2 * pi * tod/24)",0.681232645786077
42,"1-2","sin(2 * pi * tod/24)",-0.0724846517965342
42,"2-1","(Intercept)",-1.85497032465594
42,"2-1","cos(2 * pi * tod/24)",-1.30429545391258
42,"2-1","sin(2 * pi * tod/24)",0.348038258336178
43,"1-2","(Intercept)",-2.27636790610935
43,"1-2","cos(2 * pi * tod/24)",1.0230273981398
43,"1-2","sin(2 * pi * tod/24)",0.206608980471604
43,"2-1","(Intercept)",-3.05976925111317
43,"2-1","cos(2 * pi * tod/24)",-2.39119485511162
43,"2-1","sin(2 * pi * tod/24)",1.77148406268867
44,"1-2","(Intercept)",-1.93161671947496
44,"1-2","cos(2 * pi * tod/24)",1.302961806022
44,"1-2","sin(2 * pi * tod/24)",0.28736134021794
44,"2-1","(Intercept)",-2.3454768346346
44,"2-1","cos(2 * pi * tod/24)",-2.10421581397799
44,"2-1","sin(2 * pi * tod/24)",0.79374398742653
45,"1-2","(Intercept)",-2.36466387863044
45,"1-2","cos(2 * pi * tod/24)",0.210953646171481
45,"1-2","sin(2 * pi * tod/24)",0.335376407068874
45,"2-1","(Intercept)",-2.0088931275243
45,"2-1","cos(2 * pi * tod/24)",-2.03896366327406
45,"2-1","sin(2 * pi * tod/24)",0.804059055120325
46,"1-2","(Intercept)",-2.64533565405126
46,"1-2","cos(2 * pi * tod/24)",0.945469447213454
46,"1-2","sin(2 * pi * tod/24)",-0.435902023179625
46,"2-1","(Intercept)",-2.0057113052467
46,"2-1","cos(2 * pi * tod/24)",-2.11801043715714
46,"2-1","sin(2 * pi * tod/24)",0.556740853325901
47,"1-2","(Intercept)",-2.6325217748951
47,"1-2","cos(2 * pi * tod/24)",0.650782008570622
47,"1-2","sin(2 * pi * tod/24)",-1.05387188558203
47,"2-1","(Intercept)",-2.64504084286014
47,"2-1","cos(2 * pi * tod/24)",-2.61114074193197
47,"2-1","sin(2 * pi * tod/24)",0.901737008987246
48,"1-2","(Intercept)",-2.31048103419708
48,"1-2","cos(2 * pi * tod/24)",0.643256596514536
48,"1-2","sin(2 * pi * tod/24)",-0.159625633375943
48,"2-1","(Intercept)",-2.74584704012314
48,"2-1","cos(2 * pi * tod/24)",-1.7419963914632
48,"2-1","sin(2 * pi * tod/24)",1.50459394372537
49,"1-2","(Intercept)",-2.39436767695167
49,"1-2","cos(2 * pi * tod/24)",1.21062769340073
49,"1-2","sin(2 * pi * tod/24)",-0.898187913264008
49,"2-1","(Intercept)",-1.96906993669967
49,"2-1","cos(2 * pi * tod/24)",-1.78993549397062
49,"2-1","sin(2 * pi * tod/24)",0.624181325534991
50,"1-2","(Intercept)",-1.71963081721823
50,"1-2","cos(2 * pi * tod/24)",0.843173114126004
50,"1-2","sin(2 * pi * tod/24)",0.117007494024486
50,"2-1","(Intercept)",-1.76828031027715
50,"2-1","cos(2 * pi * tod/24)",-2.30935379408067
50,"2-1","sin(2 * pi * tod/24)",0.952972336168519
51,"1-2","(Intercept)",-2.15749454414201
51,"1-2","cos(2 * pi * tod/24)",0.53093316416373
51,"1-2","sin(2 * pi * tod/24)",0.116877475066238
51,"2-1","(Intercept)",-2.13130033265235
51,"2-1","cos(2 * pi * tod/24)",-1.61798396716496
51,"2-1","sin(2 * pi * tod/24)",1.37125915938671
52,"1-2","(Intercept)",-1.96543058826011
52,"1-2","cos(2 * pi * tod/24)",0.602830836686932
52,"1-2","sin(2 * pi * tod/24)",0.128444069630082
52,"2-1","(Intercept)",-2.29821866195344
52,"2-1","cos(2 * pi * tod/24)",-1.8570189806919
52,"2-1","sin(2 * pi * tod/24)",0.928722230702249
53,"1-2","(Intercept)",-2.09234379086208
53,"1-2","cos(2 * pi * tod/24)",0.855186610811565
53,"1-2","sin(2 * pi * tod/24)",-0.170245193829808
53,"2-1","(Intercept)",-2.16409317761403
53,"2-1","cos(2 * pi * tod/24)",-2.79078818548457
53,"2-1","sin(2 * pi * tod/24)",1.27728788786049
54,"1-2","(Intercept)",-2.06298813503614
54,"1-2","cos(2 * pi * tod/24)",1.05265463068667
54,"1-2","sin(2 * pi * tod/24)",-0.316026168012641
54,"2-1","(Intercept)",-2.38236990770634
54,"2-1","cos(2 * pi * tod/24)",-2.21244992134778
54,"2-1","sin(2 * pi * tod/24)",1.29250327608822
55,"1-2","(Intercept)",-2.08629291986991
55,"1-2","cos(2 * pi * tod/24)",0.468295490685121
55,"1-2","sin(2 * pi * tod/24)",0.0815683388030236
55,"2-1","(Intercept)",-1.91993155230045
55,"2-1","cos(2 * pi * tod/24)",-2.26896825371893
55,"2-1","sin(2 * pi * tod/24)",0.307864719439712
56,"1-2","(Intercept)",-2.27110508114159
56,"1-2","cos(2 * pi * tod/24)",0.214437258763904
56,"1-2","sin(2 * pi * tod/24)",-0.283745250753947
56,"2-1","(Intercept)",-2.12401410161628
56,"2-1","cos(2 * pi * tod/24)",-2.56916754806258
56,"2-1","sin(2 * pi * tod/24)",0.747439993996832
57,"1-2","(Intercept)",-1.78774645930826
57,"1-2","cos(2 * pi * tod/24)",0.490221235048603
57,"1-2","sin(2 * pi * tod/24)",0.000501913958561587
57,"2-1","(Intercept)",-2.29089087527509
57,"2-1","cos(2 * pi * tod/24)",-1.92587519508026
57,"2-1","sin(2 * pi * tod/24)",1.02833602086058
58,"1-2","(Intercept)",-2.14725360438369
58,"1-2","cos(2 * pi * tod/24)",0.540210420512792
58,"1-2","sin(2 * pi * tod/24)",0.368016817783874
58,"2-1","(Intercept)",-2.44783386265689
58,"2-1","cos(2 * pi * tod/24)",-2.1181455824722
58,"2-1","sin(2 * pi * tod/24)",0.806719905257308
59,"1-2","(Intercept)",-2.28048697712703
59,"1-2","cos(2 * pi * tod/24)",0.456154109506491
59,"1-2","sin(2 * pi * tod/24)",0.101685671922403
59,"2-1","(Intercept)",-2.04166521361327
59,"2-1","cos(2 * pi * tod/24)",-2.04039936375932
59,"2-1","sin(2 * pi * tod/24)",0.820662422504877
60,"1-2","(Intercept)",-2.53047239489097
60,"1-2","cos(2 * pi * tod/24)",1.39776475577851
60,"1-2","sin(2 * pi * tod/24)",-0.416282680083911
60,"2-1","(Intercept)",-1.85596595548216
60,"2-1","cos(2 * pi * tod/24)",-1.78205745676707
60,"2-1","sin(2 * pi * tod/24)",0.537937212309119
61,"1-2","(Intercept)",-2.26695171662944
61,"1-2","cos(2 * pi * tod/24)",0.992563887422656
61,"1-2","sin(2 * pi * tod/24)",0.109451152026038
61,"2-1","(Intercept)",-2.60726614331274
61,"2-1","cos(2 * pi * tod/24)",-2.27397175950201
61,"2-1","sin(2 * pi * tod/24)",1.2335780197476
62,"1-2","(Intercept)",-2.37079339736936
62,"1-2","cos(2 * pi * tod/24)",0.851307900913603
62,"1-2","sin(2 * pi * tod/24)",0.41634372541791
62,"2-1","(Intercept)",-2.91955938842561
62,"2-1","cos(2 * pi * tod/24)",-1.64305184452231
62,"2-1","sin(2 * pi * tod/24)",1.60816947345789
63,"1-2","(Intercept)",-2.07918569116523
63,"1-2","cos(2 * pi * tod/24)",0.376875481439395
63,"1-2","sin(2 * pi * tod/24)",0.0935425499281909
63,"2-1","(Intercept)",-2.31409505716116
63,"2-1","cos(2 * pi * tod/24)",-2.0885219401047
63,"2-1","sin(2 * pi * tod/24)",0.919511031188988
64,"1-2","(Intercept)",-1.94729292685458
64,"1-2","cos(2 * pi * tod/24)",0.525412081444845
64,"1-2","sin(2 * pi * tod/24)",0.405534567713111
64,"2-1","(Intercept)",-2.19890761746149
64,"2-1","cos(2 * pi * tod/24)",-1.82412740660216
64,"2-1","sin(2 * pi * tod/24)",1.14392311334451
65,"1-2","(Intercept)",-2.09743747352988
65,"1-2","cos(2 * pi * tod/24)",0.52500594385484
65,"1-2","sin(2 * pi * tod/24)",0.165433020543256
65,"2-1","(Intercept)",-2.27866418899219
65,"2-1","cos(2 * pi * tod/24)",-2.23677478550873
65,"2-1","sin(2 * pi * tod/24)",0.532249351993631
66,"1-2","(Intercept)",-1.93675458534648
66,"1-2","cos(2 * pi * tod/24)",0.923658311229855
66,"1-2","sin(2 * pi * tod/24)",0.562366046342386
66,"2-1","(Intercept)",-2.44395819225389
66,"2-1","cos(2 * pi * tod/24)",-1.87510843027977
66,"2-1","sin(2 * pi * tod/24)",1.30213023255014
67,"1-2","(Intercept)",-2.19148120219729
67,"1-2","cos(2 * pi * tod/24)",0.690697313866173
67,"1-2","sin(2 * pi * tod/24)",-0.0226934233940576
67,"2-1","(Intercept)",-2.5352709120843
67,"2-1","cos(2 * pi * tod/24)",-2.51165871667627
67,"2-1","sin(2 * pi * tod/24)",1.29873393338386
68,"1-2","(Intercept)",-1.98200427676244
68,"1-2","cos(2 * pi * tod/24)",0.664150385407755
68,"1-2","sin(2 * pi * tod/24)",0.378789253267353
68,"2-1","(Intercept)",-2.79546150262425
68,"2-1","cos(2 * pi * tod/24)",-3.16100181322415
68,"2-1","sin(2 * pi * tod/24)",1.57053309724936
69,"1-2","(Intercept)",-2.34601282282881
69,"1-2","cos(2 * pi * tod/24)",0.731020580165097
69,"1-2","sin(2 * pi * tod/24)",-0.627271573178402
69,"2-1","(Intercept)",-1.75199910756247
69,"2-1","cos(2 * pi * tod/24)",-1.86848209995949
69,"2-1","sin(2 * pi * tod/24)",0.664382120651281
70,"1-2","(Intercept)",-2.26183008564973
70,"1-2","cos(2 * pi * tod/24)",0.987251149609449
70,"1-2","sin(2 * pi * tod/24)",0.010324229050177
70,"2-1","(Intercept)",-2.09844560511182
70,"2-1","cos(2 * pi * tod/24)",-2.06561897639128
70,"2-1","sin(2 * pi * tod/24)",0.545596924470757
71,"1-2","(Intercept)",-1.91570804545151
71,"1-2","cos(2 * pi * tod/24)",0.661742895198707
71,"1-2","sin(2 * pi * tod/24)",0.284588586222579
71,"2-1","(Intercept)",-2.11715381211389
71,"2-1","cos(2 * pi * tod/24)",-1.6228841448174
71,"2-1","sin(2 * pi * tod/24)",0.637830050304748
72,"1-2","(Intercept)",-2.30175052382461
72,"1-2","cos(2 * pi * tod/24)",0.481096625513144
72,"1-2","sin(2 * pi * tod/24)",0.0167318992869419
72,"2-1","(Intercept)",-1.99155810194063
72,"2-1","cos(2 * pi * tod/24)",-1.63216211283661
72,"2-1","sin(2 * pi * tod/24)",0.731161688760844
73,"1-2","(Intercept)",-2.13461335937628
73,"1-2","cos(2 * pi * tod/24)",0.277844747343937
73,"1-2","sin(2 * pi * tod/24)",0.209113303909819
73,"2-1","(Intercept)",-2.11453957952964
73,"2-1","cos(2 * pi * tod/24)",-1.8991616631088
73,"2-1","sin(2 * pi * tod/24)",0.42098095422494
74,"1-2","(Intercept)",-1.59827680163162
74,"1-2","cos(2 * pi * tod/24)",0.702777989235113
74,"1-2","sin(2 * pi * tod/24)",0.176323101137743
74,"2-1","(Intercept)",-1.97342625845548
74,"2-1","cos(2 * pi * tod/24)",-2.16658303634643
74,"2-1","sin(2 * pi * tod/24)",0.469264087582694
75,"1-2","(Intercept)",-2.23687436115339
75,"1-2","cos(2 * pi * tod/24)",0.772735239972637
75,"1-2","sin(2 * pi * tod/24)",0.039651675394448
75,"2-1","(Intercept)",-2.18887892740097
75,"2-1","cos(2 * pi * tod/24)",-1.64301443909487
75,"2-1","sin(2 * pi * tod/24)",0.923499016600036
76,"1-2","(Intercept)",-2.07121351198612
76,"1-2","cos(2 * pi * tod/24)",0.283224162831507
76,"1-2","sin(2 * pi * tod/24)",-0.266450013528503
76,"2-1","(Intercept)",-1.79786022456268
76,"2-1","cos(2 * pi * tod/24)",-2.01957772210818
76,"2-1","sin(2 * pi * tod/24)",0.496992672253394
77,"1-2","(Intercept)",-2.2076696931617
77,"1-2","cos(2 * pi * tod/24)",1.05219802731304
77,"1-2","sin(2 * pi * tod/24)",-0.0332701877859213
77,"2-1","(Intercept)",-2.08664206873173
77,"2-1","cos(2 * pi * tod/24)",-2.6159662338741
77,"2-1","sin(2 * pi * tod/24)",0.476766688073771
78,"1-2","(Intercept)",-2.29403528866996
78,"1-2","cos(2 * pi * tod/24)",0.470912194415564
78,"1-2","sin(2 * pi * tod/24)",-0.201037794490995
78,"2-1","(Intercept)",-2.42289684813372
78,"2-1","cos(2 * pi * tod/24)",-1.79111308098953
78,"2-1","sin(2 * pi * tod/24)",1.43986548693424
79,"1-2","(Intercept)",-1.95542963945945
79,"1-2","cos(2 * pi * tod/24)",1.05464884616024
79,"1-2","sin(2 * pi * tod/24)",0.222124462977139
79,"2-1","(Intercept)",-2.12493624583155
79,"2-1","cos(2 * pi * tod/24)",-2.43578710177491
79,"2-1","sin(2 * pi * tod/24)",1.25267260264277
80,"1-2","(Intercept)",-2.19441829262351
80,"1-2","cos(2 * pi * tod/24)",0.652004285136118
80,"1-2","sin(2 * pi * tod/24)",-0.248366830321103
80,"2-1","(Intercept)",-2.99823191152808
80,"2-1","cos(2 * pi * tod/24)",-3.02174469589906
80,"2-1","sin(2 * pi * tod/24)",1.3519608968802
81,"1-2","(Intercept)",-2.29713935012525
81,"1-2","cos(2 * pi * tod/24)",1.00176230912117
81,"1-2","sin(2 * pi * tod/24)",-0.355267290923914
81,"2-1","(Intercept)",-2.14931883880715
81,"2-1","cos(2 * pi * tod/24)",-2.16417610293743
81,"2-1","sin(2 * pi * tod/24)",0.700050362969667
82,"1-2","(Intercept)",-2.16986407673208
82,"1-2","cos(2 * pi * tod/24)",0.394362201841384
82,"1-2","sin(2 * pi * tod/24)",-0.633446842567889
82,"2-1","(Intercept)",-2.0425560354958
82,"2-1","cos(2 * pi * tod/24)",-2.24040210295307
82,"2-1","sin(2 * pi * tod/24)",1.0156231775213
83,"1-2","(Intercept)",-2.28544840713305
83,"1-2","cos(2 * pi * tod/24)",0.349115120066224
83,"1-2","sin(2 * pi * tod/24)",0.0633333728943164
83,"2-1","(Intercept)",-2.26305466471028
83,"2-1","cos(2 * pi * tod/24)",-2.57767222819652
83,"2-1","sin(2 * pi * tod/24)",1.03101923165205
84,"1-2","(Intercept)",-2.3447142252254
84,"1-2","cos(2 * pi * tod/24)",0.539521464783109
84,"1-2","sin(2 * pi * tod/24)",-0.44550950499115
84,"2-1","(Intercept)",-2.25766453868813
84,"2-1","cos(2 * pi * tod/24)",-2.66042637727179
84,"2-1","sin(2 * pi * tod/24)",0.578569408787179
85,"1-2","(Intercept)",-2.46201948662598
85,"1-2","cos(2 * pi * tod/24)",1.06870915708452
85,"1-2","sin(2 * pi * tod/24)",0.471586506357452
85,"2-1","(Intercept)",-1.89391586374506
85,"2-1","cos(2 * pi * tod/24)",-1.95071298133921
85,"2-1","sin(2 * pi * tod/24)",0.561799251090192
86,"1-2","(Intercept)",-2.22316016515133
86,"1-2","cos(2 * pi * tod/24)",0.770741421943331
86,"1-2","sin(2 * pi * tod/24)",0.126369073516535
86,"2-1","(Intercept)",-1.45347767958842
86,"2-1","cos(2 * pi * tod/24)",-1.93591120867862
86,"2-1","sin(2 * pi * tod/24)",0.191077702366364
87,"1-2","(Intercept)",-2.24215217133871
87,"1-2","cos(2 * pi * tod/24)",0.759562548073546
87,"1-2","sin(2 * pi * tod/24)",0.318575723704208
87,"2-1","(Intercept)",-2.26206093782874
87,"2-1","cos(2 * pi * tod/24)",-2.06315535025393
87,"2-1","sin(2 * pi * tod/24)",1.18040242612298
88,"1-2","(Intercept)",-2.08487281801394
88,"1-2","cos(2 * pi * tod/24)",0.2582717314054
88,"1-2","sin(2 * pi * tod/24)",0.227267077374103
88,"2-1","(Intercept)",-2.19382041312683
88,"2-1","cos(2 * pi * tod/24)",-2.04205664423687
88,"2-1","sin(2 * pi * tod/24)",0.786367256960235
89,"1-2","(Intercept)",-2.32705749700283
89,"1-2","cos(2 * pi * tod/24)",0.936993204330913
89,"1-2","sin(2 * pi * tod/24)",0.666238238444501
89,"2-1","(Intercept)",-1.71851262322526
89,"2-1","cos(2 * pi * tod/24)",-1.99465384699997
89,"2-1","sin(2 * pi * tod/24)",0.292543569792136
90,"1-2","(Intercept)",-2.0699208997586
90,"1-2","cos(2 * pi * tod/24)",0.706534282358522
90,"1-2","sin(2 * pi * tod/24)",0.302349744721798
90,"2-1","(Intercept)",-1.84330623051624
90,"2-1","cos(2 * pi * tod/24)",-2.19162979918037
90,"2-1","sin(2 * pi * tod/24)",0.522883921765337
91,"1-2","(Intercept)",-1.93398441052078
91,"1-2","cos(2 * pi * tod/24)",0.67042892826743
91,"1-2","sin(2 * pi * tod/24)",0.134415104405341
91,"2-1","(Intercept)",-1.92592244824991
91,"2-1","cos(2 * pi * tod/24)",-2.58191846898614
91,"2-1","sin(2 * pi * tod/24)",0.568621408733566
92,"1-2","(Intercept)",-2.2861389706015
92,"1-2","cos(2 * pi * tod/24)",0.995713850660289
92,"1-2","sin(2 * pi * tod/24)",-0.0092668700681183
92,"2-1","(Intercept)",-1.89877449711822
92,"2-1","cos(2 * pi * tod/24)",-1.95632684082959
92,"2-1","sin(2 * pi * tod/24)",0.68682786008903
93,"1-2","(Intercept)",-2.08652372151161
93,"1-2","cos(2 * pi * tod/24)",0.726459305566964
93,"1-2","sin(2 * pi * tod/24)",0.299708632638952
93,"2-1","(Intercept)",-2.18652848426919
93,"2-1","cos(2 * pi * tod/24)",-2.04603636090678
93,"2-1","sin(2 * pi * tod/24)",0.764141781199264
94,"1-2","(Intercept)",-2.37527148222703
94,"1-2","cos(2 * pi * tod/24)",0.820484832352902
94,"1-2","sin(2 * pi * tod/24)",0.417576927729249
94,"2-1","(Intercept)",-1.73434488760741
94,"2-1","cos(2 * pi * tod/24)",-1.49591698461158
94,"2-1","sin(2 * pi * tod/24)",1.05243757065784
95,"1-2","(Intercept)",-2.0643961227469
95,"1-2","cos(2 * pi * tod/24)",0.576915178266848
95,"1-2","sin(2 * pi * tod/24)",-0.253468579214031
95,"2-1","(Intercept)",-2.0932543126809
95,"2-1","cos(2 * pi * tod/24)",-2.28021681336481
95,"2-1","sin(2 * pi * tod/24)",0.571525116559146
96,"1-2","(Intercept)",-1.75423994792212
96,"1-2","cos(2 * pi * tod/24)",0.812314290199121
96,"1-2","sin(2 * pi * tod/24)",0.240595238292506
96,"2-1","(Intercept)",-2.14310114837212
96,"2-1","cos(2 * pi * tod/24)",-2.00351002168058
96,"2-1","sin(2 * pi * tod/24)",0.592178817202895
97,"1-2","(Intercept)",-1.94061061463461
97,"1-2","cos(2 * pi * tod/24)",0.615835823036885
97,"1-2","sin(2 * pi * tod/24)",0.112937979156065
97,"2-1","(Intercept)",-2.55099174042967
97,"2-1","cos(2 * pi * tod/24)",-2.67687738773525
97,"2-1","sin(2 * pi * tod/24)",1.29632251650817
98,"1-2","(Intercept)",-2.05037394386004
98,"1-2","cos(2 * pi * tod/24)",0.866201427501623
98,"1-2","sin(2 * pi * tod/24)",0.0125357528235918
98,"2-1","(Intercept)",-2.23289936761568
98,"2-1","cos(2 * pi * tod/24)",-2.1031648430688
98,"2-1","sin(2 * pi * tod/24)",0.984809696122736
99,"1-2","(Intercept)",-2.2876260333568
99,"1-2","cos(2 * pi * tod/24)",0.809194647970279
99,"1-2","sin(2 * pi * tod/24)",-0.325046175986705
99,"2-1","(Intercept)",-2.39507781209057
99,"2-1","cos(2 * pi * tod/24)",-1.95381824785483
99,"2-1","sin(2 * pi * tod/24)",1.29698149466357
100,"1-2","(Intercept)",-2.33856032601442
100,"1-2","cos(2 * pi * tod/24)",0.67396960543214
100,"1-2","sin(2 * pi * tod/24)",0.102548602262273
100,"2-1","(Intercept)",-2.97661035655138
100,"2-1","cos(2 * pi * tod/24)",-2.72257771866298
100,"2-1","sin(2 * pi * tod/24)",1.13181296520569
